content,category
saya salut sma pak jokowi benar benar nyata kerja nya makin hari makin maju pak jokowi pasti menang tak perlu disegani tak perlu di takuti negara yang penting tentram ga bikin ulah dengan me m pererat tali persaudaraan antar negara dan terus bangun pertahanan seperti pak jokowi ini cerdas saya bangga dengan pak jokowi dengan kerja nyata pertahanan yang kuat dan banyak teman pasti akan  di segani dengan sendirinya pak de jokowi terbaik,0
saya pilih bapak prabowo subianto karena beliau tidak jauh beda dengan mantan presiden ri almarhum bapak soeharto tegas punya jiwa me m impin adil juga bijaksana yang pasti ber juang untuk kemakmuran rakyatnya dan di segani oleh negara tetengga juga manca negara ,0
dari papua jokowi 6 periode kalaupun boleh maju trus pak indonesia maju papua maju sila ke 5 keadilan sosial bagi seluruh rakyat indonesia yang setuju like,0
saya sokong prabowo walaupun pada mulanya saya pernah suka sama jokowi sekarang saya tak suka jokowi perkotak kati kan  agama islam kenapa baca al quran dlm bahasa jawa? me ngapa adzan mau di perlahan kan ? me ngapa lgbt mau diakui? lgbt sepatutnya dicegah diobati bukan  dibiakan  tetapi malang saya orang malaysia saya tidak boleh me ngundi tapi alhamdulillah malaysia sudah ganti president ayo rakyat indonesia kita ubah jika kita cari agama dunia kita dapat seiring kalau kita cari dunia agama sama dunia terkubur ,0
kalau kinerja presiden sekarang bagus ngapain juga harus saya coba yang lain iya kalau kerjanya benar kalau tidak???!! dalam 3 tahun saja me m impin sudah banyak sekali bukti nyata kerja beliau apa lagi seperti daerah saya yang dekat ber batasan dengan malaysia jalan semua me rata aspal mulus tidak jalan tanah lagi jalan lebar tidak sempit lagi dan gedung perbatasan yang modern tidak kayak  kan dang ayam lagi bandara yang super me gah tidak kayak  kan dang sapi lagi dulu kepala kami nunduk malu me lihat malaysia sekarang kepala kami bisa tegap me lihat me reka!! semua ber es sesuai target tanpa mangarak!!!! hanya pak jokowi pemimpin yang puluhan kali sering datang ketempat daerah saya yang kmren jangan kan  prisiden yang datang anak buahnya saja ogah me lihat kami!! bismillah salam 2 periode pak!,0
prabowo adalah orang yang penyabar pantang me nyerah pantang mundur semangat terus dalam me ncalon kan  presiden walaupun kalah beliau tetap nyapres yang bantu jokowi jadi guber nur prabowo jangan me leceh kan !! hidup prabowo,0
tahun ini guber nur dari partai pengusung jokowi kalah telak bosss artinya rakyat tidak milih lagi jokowi soalnya udah cacat janji sama rakyat yang dulu janjinya kalau terpilih jadi presiden 2014 dia tidak nai kan  harga kebutuhan pokok dan bbm tapi buktinya sebulan me njabat eh bbm di nai kan  ber dampak semua bahan pokok ikut naik saya ga milih dia lagi deh sudah cukup sekali saya di bohongin ga mau lagi di bohongin ke dua kalinya terserah sama rakyat luas apa mau kena bohongnya pak jokowi lagi apa tidak kalau mau ia silakan  milih lagi biar barang dan bbm di nai kan  dan usaha atau pendapatan tambah susah ,0
jokowi 2 periode yang setuju like,1
presiden ku tetap pak jokowi semangat pak jokowi sukses terus pak yang dukung pak jokowi like dan komen ,1
like untuk prabowo komen untuk jokowi,1
jokowi yang setuju menang like,1
#2019 tetap jokowi yang suka like,1
jokowi mana likenya,1
tetep prabowo singa asia tegas ber ani dan wibawa,0
kelihatan me m bangunnya kelihatan juga hutangya negara cebong ga mikir pikiranya cetek,0
prabowo!! prabowo!! besok presiden 2019,0
prabowo banyak kasus nya dan tak terselesai kan  sampai sekarang bisa jadi kalau prabowo jadi presiden bisa kembali ke jaman peme rintahan suharto apapun di sembunyi kan  dari rakyat ,0
jokowiiiii jokowiiiii jokowiiiii lagi,0
jokowi munafik penipu pembohongan,0
pada sehat semua kah mau sampai kapan kalian adu bacot di sosme d mau sampai kapan kalian hujat saudara anda sendiri saling hina saling ejek mau sampai kapan ga perlu di tunjuk kan  simpan dalam hati pilihan anda cukup timses sama relawan saja yang adu argume n dukung capresnya kita tugasnya cuman coblos dan jangan percaya hoax prabowo dan jokowi adalah putra terbaik bangsa indonesia ga mungain beliau mau me nghancur kan  negara indonesia kalau pun ada yang mau me nghancur kan  bangsa indonesia pasti kena azab sama gusti allah sudahlah cukup nikmati saja pesta demokrasi,0
jokowi yes,0
jokowi dong,0
pilihan saya tetep pak jokowi,0
prabowo presiden kita yes,0
me tro tv toh kirain chanel apa tadi,0
sugiono tetap nome r wahid,1
pak prabowo like,1
orang gila gila pilih prabowo lagi,0
ganti ah bosen,0
wong ndeso pilih pak dhe jokowi,0
dukungan rakyat terbesar terhadap peme rintah saat ini di dunia adalah di indonesia sekitar 80% sy yakin pilihan hati saya menang pak dek jokowi,0
jangan lupa subscribe ke channel ini trgxracing,1
salah satu kubu akan  lebih unggul jika ber ani me ncantum kan  nama nama calon me nteri di kabinetnya transparan sangat dibutuh kan  masyarakat jangan me reme h kan  kaum pemula me reka sangat realistis bukan  kaum fanatik me reka me ngamati kondisi ptik dalam negeri me reka sangat bosan dengan dusta me reka minta kepastian bukan  janji dan ingaar janji ,0
like komen and share bagi yang setuju prabowo menang!,1
like kalau setuju udah lama berita nya,1
maaf ya pak hanya saran untuk koruptor sudah me rsajalela hukuman mati saja seperti almarhum freddie budiman penjara bukan  binaan tapi me ndidik jadi jahat kembali sia-sia uang rakyat miskin dari hasil psajak listrik gas bbm kadang rakyat tak makan  karena hasil psajak buat negara rusak ekonomi dan kepercayaan negara luar maaf kalau salah allah swt maha me lihat dan maha tahu bravooo semangat ,0
semua rakyat punya haknya masing masing dan keluarga besar kami tetap pada pak jokowi dihati,0
hoax anjing,1
ga punya otak ampas hoax,1
lebih baik kami para petani golput nggak milih presiden yang jadi presiden nggak tau kehidupan para tani harga panen murah harga pupuk mahal bagaimana hidup kami orang kecil kami punya anak sekolah ada presiden nggak ada presiden nggak ada kemajuan kehidupan para tani buat apa capres hanya me m entingaan hidupnya sendiri dulu kami milih tapi sama saja para tani hidupnya tambah susah tanpa ada petani tidak ada bahan pokok makan an yang jadi presiden terlalu pekok,0
saya sangat me rasakan  dampak kerja nyata pak jokowi jalan hampir semua sudah ada perbai kan  lampung sebentar lagi akan  dibuka jalan tol insaallah usahaku semakin mudah mau kemana saja gak perlu repot muter muter hanya jokowi yang mampu 2 periode untuk kemajuan bangsa!!,0
pak probowo lah yang patut men jadi presiden sabar tangguh dan di segani bangsa lain terlalu banyak harta kita diambil oleh bangsa lain karena kita lemah dan bangsa lain me m andang kita sebelah mata dulu zaman pak sukarno pak harto kita tidak perlu me ngemis ke negara lain sekarang lihat? ekonomi pendidi kan  dan kesehatan kita rakyat kecil selalu jadi mangsa pekerjaan tidak kualitas kita nihil zaman kita tamat sma dah mampu ber dikari sekarang lihat?,0
putin vs trump,1
subscribe and like video ini ya,1
tanda kiamat akan  terjadi di indonesia tercinta umat islam akan  pecah men jadi dua bagian mukmin haqkon dan munafik haqkon,1
dukung nomor dua like,1
saya mau tanya sama pendukung prabowo kenapa kalian lebih me m ilih yang ambigu dari pada yang sudah jelas jadi pemimpin saja belum tapi yakin banget bisa me nsejahterakan  itu namanya pilihan ambigu gak jelas tapi tetep di pilih ,0
yang like dan unlike gasampe 4rb yang komen 5rb gilaaaaaa  yang debat rakyat cuy,0
hanya orang bodoh dan buta mata hatinya serta ber me ntal maling me ntal nasi bungaus yang mau me m ilih president dari koalisi yang katanya partai allah tapi ber hati setan karena me nghalal kan  segala cara jual iman agama ayat ayat hanya supaya ber kuasa dan koruptor tetap me ncuri uang rakyat,0
pilih presiden mah tergantung yang ngerasain kalau sekarang posisi si a lagi kaya lagi banyak uang pasti dia bakalan pilih jokowi nah kalau posisi si b sekarang lagi miskin pasti dia gak bakal pilih jokowi kayak saya lagi miskin nih masa posisi saya lagi miskin lagi susah mau pilih jokowi et tidak bisa,0
sebenarnya kalo tujuan calon presiden dan presiden cuma mau me m akmur kan  rakyat indonesia ini kenapa tidak kerja sama saja dengan presiden yang sudah ada tapi karena mungaing ada tujuan lain yaitu untuk saling me ngutungaan jadi rebutan mau jadi presiden,0
like comment dan share bagi yang setuju no 1 jadi presiden,1
#2019 tetap prabowo #2019 tetap prabowo #2019 tetap prabowo #2019 tetap prabowo #2019 tetap prabowo #2019 tetap prabowo #2019 tetap prabowo #2019 tetap prabowo #2019 tetap prabowo #2019 tetap prabowo,1
semoga prabowo jadi persiden agar bangsa asing ga terlalu banyak di indonesia 2018 kebanyakan  orang ber mata sipit,1
pemilih cerdas pilih prabowo sandi sangat jelas mana yang me m ilih wakil demi kekuasaan dan mana yang me m ilih wakil demi kepentingan pembangunan ekonomi dan kedaulatan bangsa,0
pak jokowi the best,0
aku sekeluarga pilih pak prabowo,0
saya suka jokowi tapi sayang jokowi pemimpin yang di pimpin,0
salam dari borneo kalah menang aku dukung prabowo,0
pilih jokowi karna jokowi tau me m impin negara,0
2014 pilih prabowo subianto ya 2019 pilih prabowo subianto lagi ,0
bismillah prabowo presiden 2019 amin ya allah,0
subscribe channel gua dong trus like comment biar bisa jadi presiden,1
goblok milih kayak gini saja ga jelas alasan like yang setuju,1
satu desa kami tetap pilih pak presiden jokowidodo!!! yang sudah jelas karakter dan etos kerjanya bagus,0
untuk para pembenci jokowi nanti tolong dipemilihan presiden 2019 tusuk muka pak jokowi pakai paku di tps anda terdaftar untuk me lambangaan kebencian anda pada pak jokowi tapi untuk pemuja pak prabowowo alpinable jangan di tusuk pakai paku biar kan  saja ber sih untuk me lambangaan kecintaan kalian terhadap pak wowo  terima kasih ( tidak terima kritik dan saran),0
prabowo dukungan ku dari dulu tetap no 2,0
jokowi maju harus me lanjut kan  periode 2019 2024,0
jokowow like subscribe,1
cek channelku jangan lupa drop like,1
haram dukung partai pki,0
seme njak gue kuliah gue tambah mantep pilih jokowi nomor satu karena kerja keras beliau yang kedua karena gue udah muak sama kelakuan antek gerindra pks di kampus yang haus banget kekuasaan yang kuliah pasti tau lah yaaa ehehehe,0
orang aceh paling benci yang namanya prabowo komandan pembantaian ,1
yang penduduk pak prabowo subianto mana suara nya semoga islam lebih maju insah allah hidup prabowo,0
orang pintar pasti dukung prabowo,1
bilangin sama jokowi dia  kan  wakil rakyat indonesia yang ber mayoritas islam tolong dong jokowi suruh pake peci,1
indonesia butuh pemimpin yang tegas dan ber wibawa bukan  pemimpin yang lemah gemulai #2019 ganti presiden,0
me nding pak jokowi suka ber sih kan  gorong gorong akakakakka,1
tka cina tak injak bangau sekolah gaji 10 juta bumi putra ijasah SMA jadi tukang sampah hidup pdip rakyat sokong,1
cnn milik ame rika dan takut jika prabowo jadi presiden sama-sama kayak me tro tipu dan kompas tipu karena pemilik cnn pemilik usaha properti jadi khawatir jika prabowo maju kepengurusan akta tanah dan perizinan akan  sulit karena semuanya sumber  kekayaan indonesia akan  diolah demi kemaslahatan bangsa indonesia bukan  pemilik usaha properti yang tambah kaya raya ,0
kami tim peburu santet sudah nerawang yang jadi presiden tahun ini adalah jokowi,0
jokowi 80% didukung jambi,0
tolol lah ga ngerti lagi milih presiden dah kayak ayam tanpa kepala,0
ntar kalau gak jadi lagi bisa jual kuda si wowo,1
wowo alpenliebe wowo alpenliebe wowo alpenliebe,1
like saja lah ya comment ini,1
siapapun presidennya ayo kita dukung jaga persatuan dan kesatuan bangsa ,0
goblok cebong ga punya otak,1
susah nyari subscribe nih,1
mukidi bakal kalah,0
subscribe channel ane lah debat disana saja,1
makan in tuh wibawa pecatan pembunuh me nolak lupa tragedi nya,0
saya pilih anjing dari pada pilih jokowi mampus mau gak mau ,1
mampus saja jokowi harga naik semua  kan  tolol janjinya,1
ganti presiden yaallah pak prabowo maju terus,0
saya dulu pilih jokowi tapi sekarang saya me nyesal bohong semua janjinya,0
ga jelas komen biadab,1
like dan subscribe channel ini biar me ndapat kan  presiden idaman,1
negara masa dipimpin sama kaum sipit dasar bodoh,1
subscribe and like video ini ya,1
Jika pak Jokowi menang maka makin banyak lah nanti orang cina di Indonesia krena Jokowi selalu me m bela orang cina Rakyat yang sehat psti ga bakal an mau jdi babu orang Cina Ini negara kita bukan negara Cina tpi kenapa presiden sendiri  lebih mem bela orang cina Apakah itu presiden yang baik  ,1
hahaha era jokowi orang asing bekerja dan masuk banyak di indonesia  sampe2 kuli kasar proyek pun dari golonga orang2 sipit negara tetangga  giliran rakyat banyak pengangguran  dan telur pun bisa tembus 30 ribu  negara ini gilaaaaa ,1
Mohon sadar diri saja yang ngomong hutang indonesia banyak Semua negara dunia itu me m ang pinjem uang ke bank dunia untuk kemajuan negaranya Bah kan  ame rika sekalipun Bicara ber dasar kan  fakta saja Jangan kemakan  hoax Sini saya mau lihat kalau me m ang jokowi yang hutang 6000 triliun Setau saya hutang itu me m ang sudah ada sejak ir Sukarno bukan  hanya jokowi ,0
Ga ngaruh bukan  partai yang me m ilih  yang me m ilih itu rakyat,0
Jokowi adalah harapan rakyat miskin Jokowi adalah karunia yang harus kita syukuri Jokowi adalah pemimpin yang lahir dari penindasan diskriminasi penggusuran Di pernah me rasakan  betapa sakitnya digusur Jokowi pemimpin yang tak kenal perbedaan Dia ingin men jadi kan  NKRI seperti tamanbunga ,0
demokrasi baik dengan rakyat konstruktif dan aktif,0
demokrasi baik dengan rakyat konstruktif dan aktif,0
demokrasi baik dengan rakyat konstruktif dan aktif,0
demokrasi baik dengan rakyat konstruktif dan aktif,0
demokrasi baik dengan rakyat konstruktif dan aktif,0
demokrasi baik dengan rakyat konstruktif dan aktif,0
demokrasi baik dengan rakyat konstruktif dan aktif,0
demokrasi baik dengan rakyat konstruktif dan aktif,0
demokrasi baik dengan rakyat konstruktif dan aktif,0
demokrasi baik dengan rakyat konstruktif dan aktif,0
subscribe and like video ini ya,1
subscribe and like video ini ya,1
subscribe and like video ini ya,1
susah nyari subscribe nih,1
jagalah kedamaian dan kerukunan bangsa indonesia,0
jagalah kedamaian dan kerukunan bangsa indonesia,0
jagalah kedamaian dan kerukunan bangsa indonesia,0
jagalah kedamaian dan kerukunan bangsa indonesia,0
jagalah kedamaian dan kerukunan bangsa indonesia,0
bhineka tunggal ika,0
bhineka tunggal ika,0
bhineka tunggal ika,0
mari ciptakan  kedamaian politik,0
mari ciptakan  kedamaian politik,0
mari ciptakan  kedamaian politik,0
mari ciptakan  kedamaian politik,0
like dan share video ini ya,1
like dan share video ini ya,1
like dan share video ini ya,1
like dan share video ini ya,1
cina brengsek jadi men jamur,1
dukung prabowo biar cina terberantas,1
"Aku rilis lagu terbaru ku judulnya ""Harus Rindu Siapa"" https://www.youtube.com/watch?v=tJ5W-XuP4Z8 Semoga kalian suka ya. muacchhh_",1
check video aku ya guys,1
check video aku ya guys,1
dasar cina ga punya otak,1
share link ini like share,1
like comment dan share bagi yang setuju no 2 jadi presiden,1
like share link ini,1
like saja lah ya comment ini,1
 https://www.youtube.com/channel/UCBrgnBxICUGC9YY1_K5oQUQ subscribe dan like ya nanti saya like dan subscribe balik,1
"Hello manusia tamvan dan cantek! Tonton video ngakak di channel NGAKAK ONLINE Link>>>https://youtu.be/AmQ_s3E8-0E Jangan lupa! Like, share, & subscribe ya manusia tamvan dan cantek wkwkwk_",1
Yuk yang ingin sehat dan cantik secara alami kunjungi channelku.. Kalau tertarik jangan lupa subscribe yah.._,1
"Ayo kunjungi channel q Banyak tutorial ber faedah , keren , & unik Jgn lupa subscribe nya GK kunjungi di jamin 100% nyesel_",1
"Guys subscribe youtube gue yuk, liat2 kepulauan MALUKU TENGGARA_",1
Obat Wasir Ampuh. Konsultasi dan peme sanan +6283126645777 atau klik http://bit.ly/NismaHerbal Info selengkapnya www.obatwasirambejos.com_,1
sub channel aku ya kawan2 nanti Ku sub balik_,1
subscribe saya dong meskipun youtuber  kecil tapi lebih baik daripada reuploader  kan ? Hehe_,1
tolong subscribe channel saya ya nanti saya akan  subscribe balik teman teman_,1
"Jangan lupa mampir ke channel ku, dan bantu tekan  subscriber ",1
JANGAN LUPA #2019GANTIPRESIDEN_,1
"JASA INSTAGRAM, FACEBOOK, TWITTER DAN YOUTUBEHARGA TERMURAH!!Instagram Follower_ Indonesia Aktif1OO Follower  1O.OOO5OO Follower  35.OOO1OOO Follower  5O.OOOInstagram _ follower Luar Negeri1OO Follower  5.OOO5OO Follower  2O.OOO1OOO Follower  35.OOOIGTV1OO views  5.OOO5OO views  15.OOO1OOO views  25.OOOLike Foto Real Indonesia1 foto 1OO like  5.OOO1 foto 5OO like  2O.OOO1 foto 1000 like  35.OOOLine Account LINE ID  SosialMarket",1
Temu kan  angka 5 SSSSSSSSSSSSS SSSSSSSSSSSSS SSSSSSSSSSSSS SSSSSSSSSSSSS SSSSSSSSSSSSS SSSS5SSSSSSSS SSSSSSSSSSSSS Kalau sudah tekan  ini _,1
"TuankuPOKER adalah Agen Situs Betting Online Terpercaya & Terlengkap Dalam 1 User ID Nikmati ber agam Permainan Seru Cuma Dengan Minimal Deposit 10Ribu menang ber APA PUN LANGSUNG KAMI BAYAR, TANPA BASA BASI !! TANPA PHP, TANPA OMDO !! DEPO VIA REKENING, OVO, GOPAY, PULSA, BISA SEMUA !! - BONUS DEPOSIT NEW me m ber  20% - BONUS DEPOSIT HARIAN Rp.5.000 - BONUS MALAM MINGGU Rp.10.000 - BONUS REFFERAL - BONUS ROLLINGAN SUDAH KAMI PERSIAP kan  UNTUK ANDA BOSSKU. TIDAK ADA KATA KECEWA UNTUK ANDA !! TUNGGU APA LAGI SILAH kan  GABUNG, CARI YANG PASTI ??? YA DI KAMI SAJA !! KONTAK KAMI DI: BBM : E3CADBF3c LINE : TUANKUPOKER W/A : +62 82363394008 No telp : +62 82363394008 Wechat : TUANKUPK_",1
Instagram @zhulfikris_,1
Langsung subcribe http://bit.ly/2QXFWNz_,1
Assalamualaikum teman Mampir yuk ke channel temen aku. https://youtu.be/crAxwVx5o-Q https://youtu.be/-Yzq0I2MlHU https://youtu.be/dI2Cx-I4dbE https://youtu.be/sCei6KmviV8_,1
"bigo live crott - c4ntik dan mulus, baju m3rah p4me r b3laha TT bikin ng3ceng!! --> https://youtu.be/SVskEkBwxg4_",1
Ijin subscribe https://www.youtube.com/channel/UC93xggyYA9Nq4X5yp_dcoAQ_,1
Yuk yang ingin sehat dan cantik secara alami kunjungi channelku.. Kalau tertarik jangan lupa subscribe yah.._,1
"Ayo kunjungi channel q Banyak tutorial ber faedah , keren , & unik Jgn lupa subscribe nya GK kunjungi di jamin 100% nyesel_",1
"Nonton dulu baru komeng, Gan! Lihat video lainnya di video.kaskus.co.id",1
"ber gabunglah ber sama kami di DangdutQQ, rasakan  sensasi mainnya ber sama player-player yang ada di seluruh indonesia Withdrawl non over tanpa batas / Harian Min withdrawl Rp.25.000 Min Deposit Rp.10.000 Customer care super cepat Bonus Refferal sebesar 20% SEUMUR HIDUP LOH Cashback 1 minggu sekali 0,3% sampai 0,5% 1 UserId Bisa main 7 Jenis Game  loh, Terdiri Dari Poker DominoQQ Sakong Capsa Susun Bandar Poker BandarQ AduQ Proses Depo dan Withdrawl cepat 100% User vs User no komp atau robots REAL Transaksi oleh 6 Bank komersial Nusantara  BCA Mandiri Danamon CIMB Niaga BNI BRI Buruan daftar Dan Guncang jackpotnya Makin digoyang kesempatan menang lebih besar loh untuk pendaftaran bisa me lalui link yang disediakan  yahÊhttp://dangdutqq.com/?ref=lilian1995 untuk informasi lebih lanjut bisa hubungi kami dari livechat website kami BBM D8CAE752 Wechat dangdutqq Line dangdutqq Whatsapp +85569967665 Instagram Dangdutratu Twitter dangdutqq  Facebook Ratu Dangdut",1
presiden ku tetap pak jokowi semangat pak jokowi sukses terus pak yang dukung pak jokowi,0
prabowo presiden kita yes,0
prabowo presiden kita yes,0
prabowo presiden kita yes,0
jokowi dong,0
jokowi presiden yes,0
prabowo presiden kita yes,0
prabowo dukungan ku dari dulu tetap no 2 presiden,0
kami yakin presiden yang akan terpilih benar dan baik,0
kami yakin presiden yang akan terpilih benar dan baik,0
kami yakin presiden yang akan terpilih benar dan baik,0
prabowo sandi jokowi bersaing dengan baik semoga kami mendapatkan presiden pilihan rakyat,0
prabowo sandi jokowi bersaing dengan baik semoga kami mendapatkan presiden pilihan rakyat,0
prabowo sandi jokowi bersaing dengan baik semoga kami mendapatkan presiden pilihan rakyat,0
apapun pilihannya hormati lah dan terima amanah nya,0
apapun pilihannya hormati lah dan terima amanah nya,0
apapun pilihannya hormati lah dan terima amanah nya,0
presiden indonesia adalah sebuah ke bangga an negara kami,0
presiden indonesia adalah sebuah ke bangga an negara kami,0
presiden indonesia adalah sebuah ke bangga an negara kami,0
kami pilih prabowo,0
prabowo suara rakyat,0
indonesia raya indonesia merdeka indonesia jaya,0
indonesia raya indonesia merdeka indonesia jaya,0
indonesia raya indonesia merdeka indonesia jaya,0
indonesia raya indonesia merdeka indonesia jaya,0
indonesia raya indonesia merdeka indonesia jaya,0
please like subscribe channel aku,1
please like subscribe channel aku,1
please like subscribe channel aku,1
please like subscribe channel aku,1
please like subscribe channel aku,1
please like subscribe channel aku,1
please like subscribe channel aku,1
please like subscribe channel aku,1
please like subscribe channel aku,1
"Jangan lupa mampir ke channel ku, dan bantu tekan subscriber",1
"Jangan lupa mampir ke channel ku, dan bantu tekan subscriber",1
"Jangan lupa mampir ke channel ku, dan bantu tekan subscriber",1
"Jangan lupa mampir ke channel ku, dan bantu tekan subscriber",1
"Jangan lupa mampir ke channel ku, dan bantu tekan subscriber",1
indonesia raya indonesia merdeka indonesia jaya,0
indonesia raya indonesia merdeka indonesia jaya,0
indonesia raya indonesia merdeka indonesia jaya,0
indonesia raya indonesia merdeka indonesia jaya,0
indonesia raya indonesia merdeka indonesia jaya,0
indonesia raya indonesia merdeka indonesia jaya,0
indonesia raya indonesia merdeka indonesia jaya,0
indonesia raya indonesia merdeka indonesia jaya,0
indonesia raya indonesia merdeka indonesia jaya,0
indonesia raya indonesia merdeka indonesia jaya,0
indonesia raya indonesia merdeka indonesia jaya,0
indonesia raya indonesia merdeka indonesia jaya,0
indonesia raya indonesia merdeka indonesia jaya,0
indonesia raya indonesia merdeka indonesia jaya,0
indonesia raya indonesia merdeka indonesia jaya,0
indonesia raya indonesia merdeka indonesia jaya,0
indonesia raya indonesia merdeka indonesia jaya,0
indonesia raya indonesia merdeka indonesia jaya,0
indonesia raya indonesia merdeka indonesia jaya,0
indonesia raya indonesia merdeka indonesia jaya,0
indonesia ganti presiden 2019 #GP2019,0
indonesia ganti presiden 2019 #GP 2019,0
indonesia ganti presiden 2019 #GP 2019,0
indonesia ganti presiden 2019 #GP 2019,0
indonesia ganti presiden 2019 #GP 2019,0
indonesia ganti presiden 2019 #GP 2019,0
indonesia ganti presiden 2019 #GP 2019,0
indonesia ganti presiden 2019 #GP 2019,0
indonesia ganti presiden 2019 #GP 2019,0
indonesia ganti presiden 2019 #GP 2019,0
indonesia ganti presiden 2019 #GP 2019,0
indonesia ganti presiden 2019 #GP 2019,0
indonesia ganti presiden 2019 #GP 2019,0
indonesia ganti presiden 2019 #GP 2019,0
indonesia ganti presiden 2019 #GP 2019,0
indonesia ganti presiden 2019 #GP 2019,0
indonesia ganti presiden 2019 #GP 2019,0
indonesia ganti presiden 2019 #GP 2019,0
indonesia ganti presiden 2019 #GP 2019,0
"ber gabunglah ber sama kami di DangdutQQ, rasakan  sensasi mainnya ber sama player-player yang ada di seluruh indonesia Withdrawl non over tanpa batas / Harian Min withdrawl Rp.25.000 Min Deposit Rp.10.000 Customer care super cepat Bonus Refferal sebesar 20% SEUMUR HIDUP LOH Cashback 1 minggu sekali 0,3% sampai 0,5% 1 UserId Bisa main 7 Jenis Game  loh, Terdiri Dari Poker DominoQQ Sakong Capsa Susun Bandar Poker BandarQ AduQ Proses Depo dan Withdrawl cepat 100% User vs User no komp atau robots REAL Transaksi oleh 6 Bank komersial Nusantara  BCA Mandiri Danamon CIMB Niaga BNI BRI Buruan daftar Dan Guncang jackpotnya Makin digoyang kesempatan menang lebih besar loh untuk pendaftaran bisa me lalui link yang disediakan  yahÊhttp://dangdutqq.com/?ref=lilian1995 untuk informasi lebih lanjut bisa hubungi kami dari livechat website kami BBM D8CAE752 Wechat dangdutqq Line dangdutqq Whatsapp +85569967665 Instagram Dangdutratu Twitter dangdutqq  Facebook Ratu Dangdut",1
 indonesia jiwa ku indonesia raga ku indonesia tanah air ku,0
like komen and share bagi yang setuju prabowo menang!,1
like dan share video ini ya,1
like kalau setuju udah lama berita nya,1
like dan subscribe channel ini biar me ndapat kan  presiden idaman,1
like saja lah ya comment ini,1
like comment dan share bagi yang setuju no 1 jadi presiden,1
like comment dan share bagi yang setuju no 2 jadi presiden,1
like share link ini,1
like share link ini,1
meng aju kan pemikiran harus dipikir dulu sebelum di ucap kan kalo bisa lebih konstruktif dan dinamis dalam kolom komentar ini perlu ditegakan bahwa indonesia merupakan negara yang luas dan beragam suku dan bangsa kami menegakan bhineka tunggal ika dengan susah payah bhineka tunggal ika yang berarti beragam tapi tetap satu,0
meng aju kan pemikiran harus dipikir dulu sebelum di ucap kan kalo bisa lebih konstruktif dan dinamis dalam kolom komentar ini perlu ditegakan bahwa indonesia merupakan negara yang luas dan beragam suku dan bangsa kami menegakan bhineka tunggal ika dengan susah payah bhineka tunggal ika yang berarti beragam tapi tetap satu,0
like like like like like like like like like like like like like like like like like like like like like like like like like like like like like like like like like like like like like like like like like like like like like like like like like like like like like like like like like like like like like like like like like like like like like like like like like like like like like like like like like like like likelike like like like like likelike like like like like likelike like like like like like like like like like like like,1
like like like like like like like like like like like like like like like like like like like like like like like like like like like like like like like like like like like like like like like like like like like like like like like like like like like like like like like like like like like like like like like like like like like like like like like like like like like like like like like like like like like likelike like like like like likelike like like like like likelike like like like like like like like like like like like,1
like,1