COMMENT_ID,AUTHOR,DATE,CONTENT,CLASS
z13uwn2heqndtr5g304ccv5j5kqqzxjadmc0k,Corey Wilson,2015-05-28T21:39:52.376000,"<a href=""http://www.youtube.com/watch?v=KQ6zr6kCPj8&amp;t=2m19s"">2:19</a> best partï»¿",0
z124jvczaz3dxhnbc04cffk43oiugj25yzo0k,Epic Gaming,2015-05-28T20:07:20.610000,wierd but funnyï»¿,0
z13tczjy5xj0vjmu5231unho1ofey5zdk,LaS Music,2015-05-28T19:23:35.355000,"Hey guys, I&#39;m a human.<br /><br /><br />But I don&#39;t want to be a human, I want to be a sexy fucking giraffe.<br /><br /><br />I already have the money for the surgery to elongate my spinal core, the surgery to change my skin pigment, and everything else! Like this post so others can root me on in my dream!!!!<br /><br /><br />Im fucking with you, I make music, check out my first song! <a rel=""nofollow"" class=""ot-hashtag"" href=""https://plus.google.com/s/%23giraffebruuh"">#giraffebruuh</a>ï»¿",1
z13tzr0hdpnayhqqc04cd3zqqqjkf3ngckk0k,Cheryl Fox,2015-05-28T17:49:35.294000,Party Rock....lol...who wants to shuffle!!!ï»¿,0
z12pcvix4zedcjvyb04ccr1r0mr2g5xwyng0k,PATRICK_TW,2015-05-28T16:28:26.818000,Party rockï»¿,0
z13rcnlyamexujnf022vcrb5qouetpjz404,Brian Brai,2015-05-28T08:58:10.905000,Shuffleï»¿,0
z13oe5si1ouygx2dv22vcrb5qouetpjz404,Brian Brai,2015-05-28T08:57:27.399000,Omgï»¿,0
z123izobdqqyszmsx231cfuahxfjwjmpk04,Alex DeFeo,2015-05-28T04:15:22.615000,This song is just really fun ï»¿,0
z13ghh0z5z3li1q1i22jdjma0xn2z535404,Giovanni Jimenez,2015-05-28T03:52:56.877000,Awsome<br />ï»¿,0
z13lwnoznomnynobc04cd5oylkz4vbngkhk,Silvia Bascur,2015-05-28T03:26:23.957000,wow!!!!!! increible song!!!!!!!!!ï»¿,0
z12wctyrfvndsj32n23yhrhrxlyiulpcn,Michael Whiteside,2015-05-28T03:08:19.077000,I love this song so muchï»¿,0
z12qgle4jsutshh1422kwjzwdkneerd4004,yenis marÃ­a RodrÃ­guez,2015-05-28T01:14:19.847000,2015 LIKEEEï»¿,0
z13rtrlxatfpfruxj04cd1hbizb4hv5jmf0,Alex Martin,2015-05-28T00:37:36.183000,I miss when people dressed like this.ï»¿,0
z12luhmz2trvu1s0y22xyfhq2lbgwhkxm04,Alex Jansen,2015-05-28T00:04:06.940000,2011- the last year of decent music.ï»¿,0
z12afxix2xnyhxaon04ccdtofrj3h10ygrk0k,Aiden Hill,2015-05-27T23:10:57.437000,Best song ever!!!!ï»¿,0
z12rt5qylz3ny5qdv221epkhvsvxwlgjz04,joe pepin-leblanc,2015-05-27T22:19:11.429000,"super nice, love musiqueï»¿",0
z12ogdfjckevwjtz504chrzytqeqthybckw0k,bilal kenno,2015-05-27T20:47:16.351000,wowwwwwwwwwwwwwwwwwwwwwwwwwwwwwwï»¿,0
z13fzxmg0si1cpsc323silmpnpuasflls,SoulInChains00,2015-05-27T18:28:25.926000,PARTY ROCK (8) ~ï»¿,0
z13xjvjgxqbcgdeni22wxfroqsvutpyb004,PhÆ°Æ¡ng Linh Nguyá»…n Ngá»c,2015-05-27T17:28:08.014000,Thumbs up if you watched it in 2011ï»¿,0
z12nf31pdvqmjdoyt04cdn3xzvajgrihnfo,Gonzalo Ferrare,2015-05-27T16:50:10.276000,this is increideblï»¿,0
z12uwpdgeqnex5wwi04cjlkotmfeuv54zzk0k,â€«××¡×£ ×©××©â€¬â€,2015-05-27T16:06:08.781000,LMFAO!!!!!!!!ï»¿,0
z125v3ozoqenvthaz04cdtajsmzwgxkwxug0k,Henri Kameron,2015-05-27T15:44:45.019000,just :( superr!!!ï»¿,0
z12eg5zqxqbdfdzcn22uwxoqxovhhz1ke,Lukas Ogonowski,2015-05-27T14:01:10.337000,2015!! LLIKEE!!ï»¿,0
z13yyrro2wmcshswh04cd3saivu1xdprerk0k,LoL Games,2015-05-27T13:37:19.404000,Yeah! Let&#39;s start the party!ï»¿,0
z13ew5agxpmnifz3223ljn1rtvidtj0fp,snsddien,2015-05-27T13:17:02.665000,This awesome song needed 4 years to reach to 800 mil views while Tango Switch bitch needed 1 year. its not fairrrrrrrï»¿,0
z13lhzyb0wmyfftcb22pdbg5swe3xlxds,ulvi ualiyev,2015-05-27T10:49:29.568000,NICE GIRL :Dï»¿,0
z134xhhpulz0snlai04cehqhosvst3lxbss0k,TransFormersAddict11,2015-05-27T10:45:17.666000,I remember back when this was so popular everyone on our school was shuffling it was crazyï»¿,0
z13thxlwoy2qftuh204cgvvg3yvpyfbgvvc0k,Brandon Richards,2015-05-27T10:35:17.730000,LMFAO!ï»¿,0
z12rif2ypuzofjo0s22se3e5dzrnznq2z,Jared Acevedo,2015-05-27T03:47:34.735000,Super awesome video<br />ï»¿,0
z13xc5v4hkbfdvgpb04ccz0zkrujib4a23c,Paul Crowder,2015-05-27T00:34:43.591000,JUST DANCE 3 ğŸ˜‚ğŸ˜‚ğŸ˜‚ï»¿,0
z13fhbspolbawj5tn22bsbw5ynvlt1kku,Paul Crowder,2015-05-27T00:33:53.183000,"This Will Always Be My Favorite Song<br />But My Favorite Part Is <a href=""http://www.youtube.com/watch?v=KQ6zr6kCPj8&amp;t=3m40s"">3:40</a>-<a href=""http://www.youtube.com/watch?v=KQ6zr6kCPj8&amp;t=4m11s"">4:11</a> In The Video ï»¿",0
z133wlxihmr0xzicr224gfj53tnhxlxmg,keonte moore,2015-05-27T00:25:35.792000,Party Rock<br />ï»¿,0
z120tv4aborbjtpuo22ecxvx2rqmsrhck,Paige Lebrun,2015-05-26T23:25:22.172000,"LMFAO - Party Rock Anthem ft. Lauren Bennett, Gooâ€¦: <a href=""https://youtu.be/KQ6zr6kCPj8"">https://youtu.be/KQ6zr6kCPj8</a>     <br />BOX MAN GOT SOME MOVES! :D HE MAKES MEH SMILEï»¿",0
z13wxrejjparwzku322ytdjamub5y5glg,EDWARD  PALMA ,2015-05-26T22:40:08.281000,This the best song i ever hire<br />ï»¿,0
z12sfpazjvv3s3tss23hdhgacwasjjemb,breathinsoul,2015-05-26T22:21:28.011000,"Its funny that Mahogany is there lmao, I actually didn&#39;t know that her brother and uncle are part of LMFAOï»¿",0
z13gfxxpcpemtbfru04cgnobbqraszrowpc0k,lol Ippocastano,2015-05-26T20:35:37.090000,"Party rock anthem is love,party rock anthem is lifeï»¿",0
z13nfjwhmzyfthozy04cgnobbqraszrowpc0k,lol Ippocastano,2015-05-26T20:33:36.195000,"Stop,is a very TOP 1ï»¿",0
z12lgx5xhnj2sdsy004cdhooyvfvd314dyk0k,goofygroova16,2015-05-26T20:03:52.314000,Ahhh back when my life didn&#39;t suck...ï»¿,0
z134ejc5qo2tinqb404cezl4ayq5cprwoqw0k,Boa Hancock Amelia Caria,2015-05-26T20:03:08.241000,Party rock! XDï»¿,0
z12qgp2yvnbvx3wf1222idfjcybhhzl3d,eliÅ¡ka Å¾Ã¡kovÃ¡,2015-05-26T19:59:04.606000,CUTEÂ  :)ï»¿,0
z13vg3dgkqjycpttg23bvl2pwzzzwnteo,Ciasteczko ;*,2015-05-26T17:56:36.413000,LMFAO best songs ever!ï»¿,0
z12sulyo4qmyjvjvm23tznvzfnboetfuj,LikeğŸ‘‘AğŸ‘‘Boss (Chloe that pony lover),2015-05-26T16:56:19.780000,"I fuckin love this song!<br /><br /><br />After, I&#39;m sexy and I know it ï»¿",0
z13ydf2g2z3lz1ids22zy50ocn2hvxfn2,FERTHEBOSS1,2015-05-26T16:54:58.587000,they Shuffle hard that they made an Earthquake in Nepalï»¿,0
z12ghl3g3lfvsz5lh223u10jnyvgflune,Madagascar Tropic Voyage,2015-05-26T16:02:07.100000,Niceï»¿,0
z12re1q41uvxf3lkf22zzpdo4mj2cflxq04,Gulam Maulana,2015-05-26T15:46:26.833000,still.. this reminds me of 1 years back when i was do shuffle everydayï»¿,0
z13sunj4vkyqwdwsq23jcvrpepyegzwrb04,Tyrone Wilson,2015-05-26T14:41:43.931000,Love this song makes me wanna dance! ï»¿,0
z12hh3bobpvle1mvt22icnvommzjjxaup,Ahmed al rawahi,2015-05-26T13:14:11.830000,that time in 2011 where this shirt was coolï»¿,0
z13jihf5luz0s5nlj22usvaquqeyvxk2u,Merle Walton,2015-05-26T12:53:14.308000,Love this video and the song of courseï»¿,0
z13fzt0pzle4dlczg04cfd3yonqhfrva3bs,Jenna Metchooyeah,2015-05-26T12:31:06.611000,Check out this video on YouTube:ï»¿,1
z13df5jp4umzg3jhw04chniaxlviirc4hqs0k,Tominke UrbanÄok,2015-05-26T12:29:11.663000,Very Nice !!!<br />Yeah Fucking.ï»¿,0
z131jxyx5lameffkt23qfhsb4weazhxxg04,thebayareapimp,2015-05-26T12:04:50.454000,WELL THIS DUDES FADED THE FUCK OUT!ï»¿,0
z12cffepsub4gv5z204cjn5zykntdz45ygk,Meneer Mandje,2015-05-26T11:51:10.891000,Ah. Good old times (:ï»¿,0
z131uxqp3qawzxohf04ce3njbzawyjyhbuw0k,No Name Ass Fuk,2015-05-26T11:13:20.537000,old and good songï»¿,0
z125ed041z3phrqsu234vljydn35jhadw,hassan laidli,2015-05-26T09:23:16.049000,coolï»¿,0
z12lzlsxewzbihrvl23jibxpttjxcrv04,wanderer damion,2015-05-26T08:19:38.276000,not 2 million view anymore :))ï»¿,0
z13dun5iruvhx3ryi04cgjkq1nqhhp2p1p00k,Jipi Tráº§n,2015-05-26T07:16:51.245000,Goodï»¿,0
z13rhxvopkjkxp1kr23xfrio3oyttbvuq,Xan Harmer,2015-05-26T06:19:34.669000,Check out this video on YouTube:ï»¿,1
z12ntfuinv2kjvjtr220szfjmru0ydt13,Jessica Benavides ,2015-05-26T04:15:04.528000,Check out this video on YouTube:<br />ï»¿,1
z120zd0iryyxgfsnh22zxxqq1q3pjf5et,ShockMinerX,2015-05-26T02:03:46.816000,Remeber the good ol&#39; days when songs weren&#39;t about butts.  ï»¿,0
z12lfltwkq2cv1gft22aslh5hwyjgtzto,marie smith,2015-05-25T22:01:29.580000,You are the music heroğŸ˜ğŸ˜ï»¿,0
z13hxdr5uvbsintfz22uddk4imbkcp20h,Mattkrewe,2015-05-25T20:36:42.681000,i was born in the wrong generationï»¿,0
z13nctv5kwyetr3q504ce3443mqbhns4xu40k,janet rangel,2015-05-25T18:11:22.048000,Love this song makes me wanna dance! ï»¿,0
z12cylxbfwfxijrbs04ce3443mqbhns4xu40k,janet rangel,2015-05-25T18:03:46.138000,Love this song makes me wanna dance! ï»¿,0
z12rtnfbgv2jwdj4q04cefeaqxevh5ogpwg0k,Ğ Ğ¾Ğ·Ğ° Ğ“ĞµÑ€Ğ¼Ğ°Ğ½,2015-05-25T17:09:31.831000,Very good! Like! :Dï»¿,0
z13wtxlwqlfizpaiq04cixs4eon3ez5xeaw,Andy FunnyVideos,2015-05-25T16:33:18.843000,"the views...... They&#39;re over 90,000!!!!!!!!!!!!!!!!!!!!!!!!!!!!!!!!!!!!!!!!!!!!!!!!!!!!!!!!!!!!!!!!!!!!!!!!!!!!!!!!!!!!!!!!!ï»¿",0
z13ezbtpzujggwcckyy0cljbfkn0zbkk1,Gaven Purdin,2015-05-25T16:30:30.753000,love lmfao party rockin keep it goingï»¿,0
z12hy3mipnupwbelu23bxloz0uyutfhql04,Martin Dushkov,2015-05-25T12:24:17.075000,Best Music Ever!!!ï»¿,0
z12pxvow0mzfj3mvx22hv3eqslmuvl4w304,Ernad Smailovic,2015-05-25T07:44:47.054000,Likeeeeï»¿,0
z12ycjvh3nbqulnmr23tyv45pubiexurd04,nienke de kimpe,2015-05-25T07:14:26.531000,Coolï»¿,0
z13jvndqyr2zjzpxo04cij4pdva4yhqzlq40k,D Maw,2015-05-25T05:43:54.048000,Remeber when this song was goodï»¿,0
z122wfsbyvfeip0wl04cefjz1svzcd25vqg0k,jesus sanchez,2015-05-25T05:37:32.023000,2015 &lt;3ï»¿,0
z13lutxw3tnfj3fgg04cfrwgolm1ftzp2ug0k,Chibi Chan,2015-05-25T03:11:56.180000,i want to be that robot guy...ï»¿,0
z12pd3wq0p3wzzt5p04cd33pwnrreduadn40k,Brianna Reed,2015-05-25T03:02:02.615000,I LOVE YOUR SONGSï»¿,0
z13yd544duyufvy1h22mhplzskveejjl3,Lemon Slices,2015-05-25T02:12:17.753000,Omg it&#39;s going to have 1bi views!ï»¿,0
z12sh3g5bxeczzrpw04cg3vatpv5cphzbok0k,Georges EIrani,2015-05-24T23:52:38.563000,Dance :)ï»¿,0
z13jszkr5ka1e5s5204cetkg3mnazbb5zcc,Paul Garza,2015-05-24T17:13:37.700000,Check out this video on YouTube:ï»¿,1
z12vtxzqskzlupozn04cdjdpvrvctxjpn0c,ignacio diaz palma,2015-05-24T16:10:47.020000,5 years... ï»¿,0
z121hxvwrz35e1udw22lh5objyf1wxefn,Amanda Ludwick,2015-05-24T15:54:08.016000,cool cool cool cool cool cool coolï»¿,0
z12avxpx4t3xib0fq225jvlbdnqfh320y,Eliana Guzman,2015-05-24T15:47:50.071000,Wow I love it ï»¿,0
z122ixhpoqn3i3s5u04chxvxqtr0dns4gqs0k,Kenster,2015-05-24T11:54:19.170000,Who knows the name of that girl?.. and that one.. and that one...ï»¿,0
z13yydnzzta0frsum23rx31imxmdfn4t3,Baptiste Blomme,2015-05-24T11:35:58.714000,Why did they stop their career in music? This music rocks !ï»¿,0
z12ctjfqtz3gjtgqj04chrbxtxutf5dh310,Franklin Music,2015-05-24T02:53:52.667000,Very Nice !ï»¿,0
z13lfhwrjweyxzs4c04cgxwywsvyw3zhexg0k,Salvador Sanchez,2015-05-24T02:28:34.605000,Why sooooo many downs?ï»¿,0
z13fvlhr2lzfflguw22hd5rjckihspgwt04,crazy girl,2015-05-23T23:26:05.305000,tensionâ¤´ï¸â¤´ï¸ï»¿,0
z133wn2qulv5zz45q04cc10qbqv3gts5e3w,Sana Kashif,2015-05-23T20:55:07.056000,Niceï»¿,0
z13sjlb4rrjmdd2tl23cidlblkizefxvx,Yuliana Andrea  Caucali Acosta,2015-05-23T18:59:07.686000,2015<br />I like videoï»¿,0
z12uzb3oxy23cbikz23qsjczaxz5wh1t5,luisel Tutoriales Gameplays (luisel Tutoriales),2015-05-23T18:56:07.484000,music yeahï»¿,0
z12jvb5gsrnmebqqv04cg11jwtmdwfdx1jw,_ OMGiTzLeo _,2015-05-23T18:15:32.442000,Like this in 2015! :Dï»¿,0
z12bivpo3navshouw23tixb5imayt1xqt04,Lizz Seamore,2015-05-23T16:34:57.143000,This was such an epic track. And the video is awesome!ï»¿,0
z12jf1h5lznmuhcuw22ruxdyxp2eh32ch,irving echeverria,2015-05-23T16:16:34.285000,LIKKEEï»¿,0
z12tgphxmvmizr5h104cjzr5rle3tftgch0,joann belin,2015-05-23T16:13:56.684000,give it a likeï»¿,1
z12njt2xmsb2jpbp104ccz3xiwfzflriujo,Powpie Cheers,2015-05-23T13:58:07.199000,Lets partyï»¿,0
z13tsligxuffvrxkz23qibyydnbagphm2,Terry Short,2015-05-23T11:46:55.624000,"Support the fight for your 4th amendment right to privacy in your home and business. Stop the NSA spying on Americans with the un Patriot Act Renewal. Rand Paul has spent 10.5 hours on the Senate floor in a Protest and Filibuster fighting for ourÂ  Constitution that this Nation is founded on. Join the fight at Rand Paul dot com. Spread The Word. We Have Someone That Cares About Our Nation.Â  Email your Senators, Congress men and women, tell them to support Rand. Tell the news to support Rand too. Senator Rand Paul was up until <a href=""http://www.youtube.com/watch?v=KQ6zr6kCPj8&amp;t=1m00s"">1:00</a> am this morning fighting for our Constitution.ï»¿",1
z13fehihaneyzh3wp04cfxrwkyfkwvgoex00k,pratik patel,2015-05-23T05:28:49.504000,"mindblowing dance.,.,.superbbb songï»¿",0
z12ldxsqzsvvwf5h404cjh5ooxincztrles,Tiona Mayo,2015-05-23T04:03:15.720000,Anyone else think this video theme is a bit of an insult to 28 days later? ï»¿,0
z12lfnvjjm3vi1fsx23mdjc5rpu3x3kox04,Jd Hurst,2015-05-23T01:50:08.642000,Check out this video on YouTube:ï»¿,1
z13qwl2rznzohbhqy04ch3cy5tnihrkhlt40k,Thejaynetts,2015-05-23T00:53:59.385000,Never get old ï»¿,0
z13rjvjx1qbrsf5ng233tbgyyxy2wroqu04,ChÃ¢u Nguyá»…n (Michelle),2015-05-23T00:00:28.937000,I remember when this used to be so popular all around at the time.<br />I still love it.ï»¿,0
z13lfpkzyzvoynqvi234g5ix3taoefr21,Roham 11,2015-05-22T20:42:29.523000,Strong messages in every  song I&#39;ve  heard.ï»¿,0
z13jspr4tpe5cfofr23eftm4ivaigv1ju04,vipman yea,2015-05-22T19:29:46.566000,4 fucking years are fucking past so fucking fast fuck.....ï»¿,0
z13bx3dxkuqafjtdo22dszzq4wy0sxxkq,sok piseth,2015-05-22T17:51:58.941000,I know it old song but (like) if you watching in 2015ï»¿,0
z12fud04ypiisp4gu04ccbrobq2fzlbawsc0k,troll face,2015-05-22T16:27:17.041000,i&#39;m watching this on summer 2015ï»¿,0
z12dfr5irwr5chwm3232gvnq2laqcdezn04,Carlos Rueda,2015-05-22T15:04:20.310000,I am going to blow my mindï»¿,0
z12tevwo3qq4cxwv022vgxnx2senxvxar04,FunCircUS,2015-05-22T14:43:16.180000,And iÂ´m Shufflin still today :Dï»¿,0
z12nd5j4tofqu3r5104cirbicuj0v3pp51k,Waleed Khan,2015-05-22T13:54:59.712000,This is my favorite song ever love this Party Rock It Everybody!!!!ï»¿,0
z124c10ohxvlx1mip04ccp3rqtetgp2qxhs,Tuáº¥n Anh Nguyá»…n Tiáº¿n,2015-05-22T12:31:53.438000,1000000000 views.ï»¿,0
z13ucpgpwv2zw3wwr04ch5jj3ya1jtmq1g0,JR6GAMING,2015-05-22T02:08:09.304000,lets get it to 1 BILLIONï»¿,0
z120t12qtr23etulr23rvzbyfyj1yfons,Mayen Dabuol,2015-05-22T01:59:18.387000,Love this soooooooooooooooooooooooooooooooooooooooooooooooooo muchï»¿,0
z121tf4iwyrivvpsf232dhho5k33dvxy204,Carol Galvan,2015-05-22T01:37:18.791000,I love this song so muchï»¿,0
z13uzb3zqoylw1kl022zidpqbn2tfpcjr04,Connor Mire,2015-05-21T20:47:08.673000,I&#39;m A SUBSCRIBERï»¿,1
z13xxf3qlq2bxpm1o22zidpqbn2tfpcjr04,Connor Mire,2015-05-21T20:46:54.704000,This Song is AWESOME!!!!ï»¿,0
z12cttv5iwv0ur3en221ih2zssbkfrczq04,Lolumad66,2015-05-21T19:41:48.565000,Best song ever made i swear :D i still hear even doe it old!! who else?ï»¿,0
z12mzfsy0mypfvcy404ccdvqmyq5gzqazow0k,Nancy â€œAyaâ€ Lo,2015-05-21T19:16:44.104000,I came here because of Vanoss.ï»¿,0
z13kvz3pluj4uv2es23ugvuytyftxbpb204,Tala sweet,2015-05-21T14:15:23.860000,Best song for everğŸ’œğŸ’œğŸ˜¢<br />ï»¿,0
z12jjrfyukjlw5wyl04cddbo5pysslphbqs0k,Miix_MC,2015-05-21T14:01:01.480000,epicï»¿,0
z12qd1vx5xjecxvxu04cevnpmmqve30jgrk0k,   Berty  Winata,2015-05-21T11:41:30.117000,"I like so much this music,  good ï»¿",0
z13dv1fxtl20jhylo22pyx5gvme4wra1q,Shirley Donoso,2015-05-21T11:34:17.696000,Beautiful songï»¿,0
z13ufhijoxrjsnrxz04chh3gzledzruyg2c,Aryan Khemka,2015-05-21T05:31:14.644000,Why do I feel like as if Gangnam style copied their song from this?!ï»¿,0
z133xtoivnattvbm123idnoxlxryufnlg,LemonSpy_,2015-05-21T03:30:25.794000,"Damn, this was everywhereï»¿",0
z13egr0zgknxttdyj04ci54ofzamcpuipng0k,Ice cream hero For AWSOMENESS!,2015-05-21T01:28:02.562000,Party time!ï»¿,0
z13mgxsztmn1hpam223tcxbglvi2wpx4o04,Steven Sachel,2015-05-21T01:24:34.058000,never gets oldï»¿,0
z13wz3sxqzv5u1axg04cepvrosylertw5xo0k,Nick Hardison,2015-05-20T21:46:43.674000,this song is fu cking awesom!!!!!!!ï»¿,0
z13ms12adsbdjbdds23nctrqsq2qhtose,Angela Alor,2015-05-20T19:53:57.924000,HOW DO YOU PUT A PICTURE FOR YOUR IMAGE THINGIE?!?!ï»¿,1
z12cjdywboihdxu5d04celsj0m2vjzrwk0k,DrPunkable,2015-05-20T17:39:26.476000,"okay, this should cover me for some time... Thumbs up if you&#39;re watching while youtube still exists.ï»¿",1
z12mfpupfyqairrzh04cf5v5ppeldjha53c,shreyes taral,2015-05-20T16:57:09.940000,"This song is just insane.<br />Do you dance listening to this song?( i do, lol)ï»¿",0
z13bdbmoqo3yurmfa22lznkpvqqkfl5fh,Smile day,2015-05-20T16:17:41.577000,:)ï»¿,0
z12vsvqwqyjiinvj204cjjjyflbgvbsgtlg0k,Eduardo Salgado Uresti,2015-05-20T13:16:34.752000,Thumbs up if shrek is gay ğŸ‘ï»¿,1
z13rfjuxmtm3vd2eb23qi1brgq3ic5nxv04,Marshmallow Kingdom,2015-05-20T12:40:57.549000,THUMBS UP FOR ROBO GUY BABYï»¿,0
z12byh5aau33evli204cits4yxmsht0qjrg0k,Marshmallow Kingdom,2015-05-20T12:39:21.201000,SERIOUSLY HOW DID THEY COME UP WITH THAT BEAT IT IS INSANELY GOOD HOLY FUCKï»¿,0
z13wtxw41lucynljt04cits4yxmsht0qjrg0k,Marshmallow Kingdom,2015-05-20T12:38:04.230000,BEST PARTY SONG LITERALLY PARTY ROCK IS IN THE HOUSEE TONIGHT!!!!ï»¿,0
z13tudczpxi5j1eun22zudooymblxxeup,Mary McCoy,2015-05-20T12:10:42.138000,Memoriesï»¿,0
z133dbir3vbttld3122mdjtjyq3dc35z504,Ticci TÃ¸byyX3,2015-05-20T10:15:33.415000,I lovee it â™¥ï»¿,0
z132ed545qrhytxr404ch1q43uuyzrdwnqs0k,Niecee Sumling,2015-05-20T07:52:09.296000,More views than nikki minaj Anacondaï»¿,0
z12de5li5lzwcbblp23gc11zmli4t5r10,Dicky Tricahyadi,2015-05-20T05:49:45.161000,LMFAO IS THE BESTï»¿,0
z133hrmoltquclguh23luxkq2w2zgj1vz,Daniel Cruz,2015-05-20T04:15:49.589000,Who else saw jesses dancing sorry if I spelled it wrong  peaceâœŒï»¿,0
z120ubqoukjxu1ktp22xfvexvyu3xzkbv04,Jasmin Lopez,2015-05-20T03:52:41.589000,I like how the robot shuffles he shuffles goodï»¿,0
z12sub0pnwzlgnz0r23pwvaqtuveyxr1z,Blaze Blaziken,2015-05-20T03:50:29.098000,you cant stop the shuffleï»¿,0
z12aczabeuzvhb0bg04cg35o2li0whbglss0k,Maria Lopez,2015-05-20T02:07:55.736000,Dang Dat little kid gat movesï»¿,0
z125fx5glr2mwfycg22otzyjbvuod5yjx04,uncleltr,2015-05-20T01:50:18.209000,I miss this song. ğŸ˜¢ï»¿,0
z13twftbwk3qxl3gp04cgnob4ueot3pglok0k,creeperx 945,2015-05-20T00:31:13.204000,Loves itï»¿,0
z12dhjqivqv3zvxwl04ccrs43v2wz1cbys40k,Bella Cullen,2015-05-19T23:21:48.011000,Check out this video on YouTube:<br />Gotta dance and just have a blast every time I hear this song !!!! Just â¥loveâ¥ it!<br />ï»¿,1
z122wjt5wsi3xt25304cg1yrnxuxyluayuk0k,Insomniac,2015-05-19T23:17:19.120000,Man this song really does get in your bones - one minute I&#39;m nearly dosing off to sleep - the next I&#39;m shuffling like crazy with hot feet XDï»¿,0
z12lxf34zybwv5siw04cftthhuiksxfjpjo,Deyanira  Urena,2015-05-19T23:09:27.619000,That shake and that golden and black robot were really partying ï»¿,0
z131i14binnjjtrnn224e5yw5re0jxtmf,emrah England,2015-05-19T22:10:02.515000,Take a look at this video on YouTube:ï»¿,1
z13jzdtr3nqkc5ooj04cilhxgzywzhfrnzc0k,Fire Ghost73,2015-05-19T22:01:54.036000,cooooooooooooolllllllllllï»¿,0
z12sz3wprvyovr2sr235gbex2tewsbqwh04,Khadra Abdirahman,2015-05-19T17:13:17.961000,Wow;)ï»¿,0
z13hhvtojxzvyl3oc04ci5pzaqjpynz5nvo0k,edge mango,2015-05-19T12:40:24.071000,"OH SHIT THIS WAS UPLOADED ON MY BIRTHDAY, finally my birthday isnt a curse, because on this day maylaysia airlines went missing, so i thought my birthday was a curse xDï»¿",0
z13ledpiwqidu5iu022vy1yy3zntxnniz04,Pepe The Meme King,2015-05-19T03:50:16.935000,everyday I&#39;m shufflinï»¿,0
z12nd53pxmacxb5wz04cfjsbvsjyjbqihvw0k,Pepe The Meme King,2015-05-19T03:49:29.427000,everyday I&#39;m shufflinï»¿,0
z12gyripbnbehdria04ccn2jxlqkwjhqbio,Damn Son,2015-05-19T03:49:19.732000,Thumbs up if FE-FE-FE-FE-FEGELEIN brought u hereï»¿,1
z13bixew2rvmfpxcx23mf3iwxmydd3qh104,Teo Wei Jun,2015-05-19T02:04:52.377000,Every day I&#39;m Shuffling !ï»¿,0
z13gcbixunqogr2k4220fp1xcqz5svi0b,Heavyassmetalman,2015-05-19T01:37:24.873000,cool song ever good thing its hereï»¿,0
z13jwbvxvoqje10yg04ccbx5lna5w5rr0tg0k,EraserMan2,2015-05-19T00:46:08.243000,why does the world not shuffle???ï»¿,0
z13bvpnptyiuzjlr004cijkhguzvjlsjrpw0k,jen ven,2015-05-18T18:14:56.234000,"Love these guys, love the song!ï»¿",0
z13ot51yusa1htugp04cffzh0knkz55ae4w,Alexis Dean,2015-05-18T15:00:30.430000,Its funny because I listen to rock and death metal. But i like this.ï»¿,0
z133gz1qly2kit14004cgfuznyqezxay4uk0k,Georgina Riba,2015-05-18T14:57:49.390000,"Shuffling all the way with LMFAO! I like this one, wish I could shuffle like these crazy dudesï»¿",0
z13ftvvprmqnijnrr04cgrej5paxhp3ionk0k,CHINMAY JANGID,2015-05-18T14:50:38.070000,5th most viewed video.. i guessï»¿,0
z13duz4apzezupvmy22agxwikzizhrah304,JuanjoOMG,2015-05-18T13:48:51.649000,my favorite songï»¿,0
z12tyfpzkznlghgqz04cjpsp3ymuil05t3g,sheerwill,2015-05-18T13:01:00.402000,I like this song<br />ï»¿,0
z13zvnepkwvgirzi104cdf1pyyyecthieew,Ali AltÄ±nÄ±ÅŸÄ±k,2015-05-18T10:56:12.254000,Wow dance showï»¿,0
z13cfr5o3mnyez4ju04ce3whmvflg1fifl00k,vieshva .d.exodous,2015-05-18T08:38:34.236000,Awesomeï»¿,0
z12ojfkgxxrxurgvz23vxxjg2rabwlikn,Mason Pearce,2015-05-18T07:12:10.556000,like if ur watchin in 90000000000000000000000000000000000000000000000000000000000000000000000000000000000000000000000000000000000000000000000000000000000000000000000000000000000000000000000000000000000000000000000000000000000000000000000000000000000000000000000000000000000000000000000000000000000000000000000000000000000000000000000000000000000000000000000000000000000000000Â Â Â Â Â Â Â Â Â Â Â Â Â Â Â Â Â Â Â Â Â Â Â Â Â Â Â Â Â Â Â Â Â Â Â Â Â Â Â Â Â Â Â Â Â Â Â Â Â Â Â Â Â Â Â Â Â Â Â Â Â Â Â Â Â Â Â Â Â Â Â Â Â Â Â Â Â Â Â Â Â Â Â Â Â Â Â Â Â Â Â Â Â  1ï»¿,1
z12cgnpg1z2kydz5x04cg5djrte2zllprng0k,Cameron Raji,2015-05-18T04:20:48.086000,Good times. ï»¿,0
z13cy1hhuzuuz3m3n23jhbo4bsylj1rt5,Fred Courroie,2015-05-18T02:58:22.855000,Laughing My Fucking Ass Off!!!ï»¿,0
z13djfvhftzqdxlql04chviyzoroz52wroo0k,Blaze Rod,2015-05-17T23:01:41.901000,"when i see this back in 2015 i ask myself how people got to like this song. seems like Gangnam style copied this style though, might just be me but yeaï»¿",0
z13suboizyjhsvsg004cj3iypry3hjewpss0k,connie cooper,2015-05-17T21:07:42.387000,wait I SAW A KID NOT KIDDINGï»¿,0
z12hctzi5nvbxhcqu04civkgsujfeffxkvs0k,Donna Loyd,2015-05-17T19:58:38.281000,Party rock due and duelï»¿,0
z12je1hpbmvbux4iu04cflvz1qiluvvawo40k,Chihiro Cross,2015-05-17T19:55:19.876000,fucking love it omg :vï»¿,0
z13cdn1asl2jy5ceu23ssbvohmqcjxdw104,javiera fracisca labrin,2015-05-17T19:43:43.872000,this very good so I dance with some companions front of the whole schoolï»¿,0
z12gwzbqipbzyt0dg232zfya0qzpudm0e,Vathanarajah Kunarajah,2015-05-17T19:36:36.955000,Check out this video on YouTube:ï»¿,1
z13qfx0atsepgjsjn04cdniyxw21y3qqarg0k,chicharito fan,2015-05-17T19:35:44.075000,I could finally do the spongebob but I started yesterday XDï»¿,0
z13jtruhmlzzznqps04cd5rrbl2uexth4to0k,Lorenzo Raggiante,2015-05-17T17:14:17.168000,Thumbs up if you&#39;re watching in 2015ï»¿,0
z13ctjchczaqerw3i23aw3cbzqidflbb304,Naomi Rayner,2015-05-17T16:33:08.950000,I love itï»¿,0
z12xdtdgitfgyxa0y23sxbvrwp3owpjgd04,Julien Paradise,2015-05-17T16:18:24.098000,"LMFAO - Party Rock Anthem ft. Lauren Bennett, GoonRock.ï»¿",0
z13yu32w3mrltv3qk04cjztj2wmos54qfss0k,Emiliano Maldonado,2015-05-17T15:38:50.015000,I hate it when Laura Bennett comes inï»¿,0
z13pxhrhjrjqfzifz23bttvrnrifc3nhf04,"TelePricol - FUNNY VIDEOS,Ğ›Ğ£Ğ§Ğ¨Ğ˜Ğ• ĞŸĞ Ğ˜ĞšĞĞ›Ğ«",2015-05-17T14:02:31.882000,SUBSCRIBE TO MY CHANNELï»¿,1
z12yyvhiywmvj305f04chz3hpyfpebypv5o,Sandra Barrett,2015-05-17T13:02:04.359000,Party in da ğŸ  tonight ğŸ‘ğŸ‘ğŸ‘ğŸ‘ğŸ‘ğŸ‘ï»¿,0
z12kcnk5hsyvuv5sm22kfvapdk2of5poa04,Callum Hudson,2015-05-17T12:44:46.679000,Best for partying ï»¿,0
z12tjp244my0yhxqs04cc5jqkybuvrywkjw,The Relaxation Den,2015-05-17T12:13:49.502000,omgï»¿,0
z12wyrji5vvpjp1ux23ufr0pzojkz1fwk04,dan19752008,2015-05-17T11:50:46.223000,What&#39;s with the guys jacket? 1 sleeve and a sleeveless armï»¿,0
z13lzzd4yrzbhzaez22gfnvw1nugw5k0h,OfficialBladeDoesGaming,2015-05-17T11:03:22.388000,Best song everï»¿,0
z13wg12iskysxzuhi04cdhcxam2wdxfi4hk,Nina Mackie,2015-05-17T09:07:30.578000,Take a look at this video on YouTub<br />Youï»¿,1
z13mdf1oeo3ddhrdg23sxtdw4mzmwdbsd,adish Newar,2015-05-17T08:21:37.091000,i like this steps...ï»¿,0
z13pdz0imlendr3es23zsv5iflbewhedb,Lxflys yolo,2015-05-17T03:57:28.997000,Let get this video to one billion viewsï»¿,0
z12kcfcxyvb1cxhls220s3g4jlrtuppxg04,Eli Zabeth,2015-05-17T01:14:28.368000,In my head this is like 2 years ago.. Time FLIESï»¿,0
z131i5aanxneixud422egfx4rsmugbpm1,NoName,2015-05-17T01:07:13.243000,"870,000,000 views...566,000 comments...oh my lantaï»¿",0
z132jt25frfdihz4304cjnnixqedsx2pvx00k,Ê„É›É›Å‹Ä±É› áƒªÉ›É›Å‹Ä±É›,2015-05-17T00:45:35.581000,Its 2015 and still shuffling to this songğŸ¶ğŸµğŸ§ï»¿,0
z13xzrkqqre1tvoop04cfnzgaurpgxugyt40k,vinh nguyen,2015-05-16T23:25:15.189000,Check out this video on YouTube:ï»¿,1
z13evxpranjhwr20s22mux2pkk33gxjmn,Charlotte â€œCaisâ€ Blackstone,2015-05-16T20:54:22.455000,Who df is Lauren Bennett..ï»¿,0
z125ynbaple1d13c322isreomnqfwlbpm04,ã¯ã‚ŒãŸã‚‰ã„ã„ã­,2015-05-16T20:51:51.477000,"So,coolï¼ï¼ï»¿",0
z12hevg4xqi4gjfiy04cj3szcoqcwnhhjok0k,Matias Ãlvarez calderon,2015-05-16T19:10:09.761000,awesomeï»¿,0
z122s1rwjlvzv3ybs04cglcyrnfatry5ku00k,Klaudija Horan,2015-05-16T18:39:56.140000,"This is so cool,why haven&#39;t I heard this before?ï»¿",0
z13ttr3z1kybet3io04cfv2icvbtj3ro120,ZRSFirelordGaming,2015-05-16T18:17:34.524000,XD I WAS GOING CRAZY FUCKIN CRAZY WATCHIN THIS BRAHï»¿,0
z12gg1xzcpijhj0s422ztz5iknucsduvl,Daisy Nieto,2015-05-16T18:16:00.954000,I shuffled while listening to this song. THE ILLNESS IS SPREADING!!ï»¿,0
z12pgtzpkxugxrgvr234y53aaofptbql4,Alex Ramsey,2015-05-16T17:29:57.194000,Way was their a guy warring a robot head.ï»¿,0
z134sxlwjxiwhzfet222vtfplljkunrsm,Elidet Rivera,2015-05-16T17:08:18.605000,like the songsï»¿,0
z12yw1nglsawyxbjt04cfrzrtqiqxxsw2k40k,Xerota,2015-05-16T13:30:23.531000,"Almost 1 billion views, nice.ï»¿",0
z12te1b55o3szl5xp04chxrpppunsxoaxgw,brick paterson,2015-05-16T13:24:12.909000,sorry to all my haters<br /><br /><br /><br /><br /><br /><br /><br /><br /><br /><br /><br /><br />for party rock enï»¿,0
z12uftqhewi0v3ozj04cgnyylzjitrozgv00k,Pamela  Foster ,2015-05-16T11:42:37.704000,I like it<br />ï»¿,0
z12wyr0hqtreu51mg22zf1zgvqavdvklk,Ashish Sachdeva,2015-05-16T02:11:43.099000,Goooooodï»¿,0
z12cvnpwzrmncblfm230ejjwpzvetrgl5,ROBLOX Gaming,2015-05-16T01:54:31.334000,:3ï»¿,0
z12vxdc50rqhilm4304cc3rrlyejfbgb0cs,Oscar Yovera Palacios,2015-05-16T01:24:57.701000,likeeeeeeeeeï»¿,0
z13gelg50zuihd2bs04ccvojgrfvfrwjfmw0k,Liam Mcewan,2015-05-16T00:46:38.313000,shuffle!!!!!!!!!!!!!!!!!!!!!!!!!!!!!!!!!!!!!!!!!!!!!!!!!!!!!!!!!!!!!!!!!!!!!!!!!!!!!!!!!!!!!!!!!!!!!!!!!!!!!!!!!!!!!!!!!!!!!!!!!!!!!!!!!!!!!!!!!!!!!!!!!!!!!!!!!!!!!!!!!!!!!!!!!!!!!!!!!!!!!!!!!!!!!!!ï»¿,0
z12xizopmzbch3dje04cibrzbqi2x54ptgk,Shaina Rodriguez,2015-05-16T00:20:41.387000,lol so funny love itï»¿,0
z12pwrxj0kfrwnxye04cjxtqntycd1yia44,â€«××¨×– ××¨×™×”â€¬â€,2015-05-15T19:46:53.719000,good partyï»¿,0
z13kf5iwrofhglmk1231xreqhuu4xrwcl,Synchronizedâ„¢ Nightcore,2015-05-15T14:58:48.131000,Do not like this comment if you are not watching in 2004ï»¿,1
z13dhbaigtyijdrwx04cizho1lfidrircjc,Nguyen Thanh Son,2015-05-15T12:57:45.957000,Check out this video on YouTube:ï»¿,1
z13pgfty2nvaitsgd04cfbir1rfninn4auw0k,16ladydanger,2015-05-14T17:59:04.547000,Check out this playlist on YouTube:ï»¿,1
z13ohniidsqhcjs1k22ti544qybadb25b04,reesekupp24,2015-05-14T14:10:58.987000,Check out this video on YouTube:ï»¿,1
z12ojrnynma1j352o22ft1kx5s3xiprvx,Bradley beswick,2015-05-14T13:12:39.729000,share your thoughtsï»¿,1
z13oyf1ben2sezqq504ci1i4ktees5aw0oc0k,Almohtarif Info | Ø§Ù„Ù…Ø­ØªØ±Ù Ø§Ù†ÙÙˆâ€,2015-05-13T17:15:41.261000,subscribe me plzzzzzzz plzzzzzzzzzzzzzzzzzzzzzzzzzzzzzzzï»¿,1
z13ltz3bakrjfxxhx04ccvzhorbicrlrnt00k,Aquan Hall,2015-05-12T17:25:33.187000,"YouTube collaborator&#39;s anyone? subscribe to me, I&#39;ll subscribe back. I also will start uploading more YouTube videos.  <a rel=""nofollow"" class=""ot-hashtag"" href=""https://plus.google.com/s/%23LMFAO"">#LMFAO</a>ï»¿",1
z13butni2oehuf10e22nslhgcxydyv4cj,Joe Ybarra,2015-05-12T06:07:23.379000,Guys lmfaois going to have a reunion on June/27/15 at expo Idaho gardens there going 2 performe live and there&#39;s going 2 be a press conference after to answer questions about were there been its all live on my channel I got publishing rights subscribe to my channel to watch the whole thing if u don&#39;t believe me look it up hope to see all u true fans there and yes it&#39;s free ï»¿,1
z13oxrgicuueitsig04cijfwpunexhgyd3k,FreddyLegends Songs,2015-05-11T20:43:01.326000,IIIIIIIIIII LOVE THIS SHAKE IT SONG OH SORRY EVERY SHAKE IT SONG I LIKE WATCH SUBSCRIBE AND NEVER UNLIKE BROOOOO!!!!!!!!!!! SHAKE IT UPï»¿,1
z12hv1bh4sidiji2m22mcpxxunqoyjfpz04,Ashton Larsen,2015-05-11T03:48:24.272000,Check out this playlist on YouTube:mï»¿,1
z13zgnsz3qnac3xp204ci1kzyveqyfkz12o,Christy Bautista,2015-05-09T22:59:57.737000,Check out this video on YouTube:<br /><br /><br /><br />ï»¿,1
z12sj5z4axu0zfuej22ccbexhuvcizgmj,dan reyes,2015-05-09T13:49:23.857000,Check out this video on YouTube:ï»¿,1
z13xi3opxyetwjgct221hrwzgpaxfttwk04,zonZi,2015-05-09T13:09:17.453000,Who&#39;s watching in 2015 Subscribe for me !ï»¿,1
z12at1g5dtmlf5ui304chtvhknbfcbiylqc0k,SHANE MINECRAFT,2015-05-09T01:25:16.018000,Come subscribeï»¿,1
z13aud2q2nvduhzm522ohj5hxqudizs4p04,Patrik Gybka,2015-05-05T09:32:04.687000,SUBSCRIBE MY CHANNEL PLEASE LOL PRO PLAYS)ï»¿,1
z13vu1mhmw3jzv5zr04cf5rr2xvdzxw4dcc,jenrry garcia,2015-05-04T17:13:41.103000,Check out this video on YouTube:ï»¿,1
z12kxfdagp2hubhd122ddnaz3z2iupfw404,Renee Colley,2015-05-04T07:22:53.416000,Check out this video on YouTube:ï»¿,1
z13md5uabuyschuvr22rx3fybuzczpdai04,Ori Yonay (EatDaPoison),2015-05-04T02:32:37.593000,I just wanna see how many people like this comment. I&#39;ll give it a month or so :)ï»¿,1
z13wyl5pgmjgvj1rr04cfxfpjz22yfbwly00k,Malvin Baez,2015-05-03T01:39:03.193000,PLEASE DON&#39;T LIKE THIS COMMENT IF YOU ARE WATCHING IN 2015!!!!!!!!!!!ï»¿,1
z12lj5vp4umotnlo004cg5fhpz2svlkaeyg0k,mariela guzman,2015-05-02T03:56:24.560000,Check out this video on YouTube:ï»¿,1
z12kil5h2ujlyzgnc23qtzqyokqrc3301,Sinaloence LiveUniverseI,2015-04-29T03:58:06.452000,I like This Comment and do not kill :Pï»¿,1
z12twdioonizgpvdv22zwv1i1njct3hhc04,July Baby,2015-04-28T10:24:07.401000,Check out this video on YouTube:ï»¿,1
z12gwxpqcqnoev1ow04cdvbwvla3xnuhs1g,NerdyQueenã€ˆ3,2015-04-28T01:07:30.541000,Check out this playlist on YouTube:ï»¿,1
z12lgxdibmu3vd0tt23nh3k4gkathp1mj,Nana Diaz,2015-04-26T20:44:52.830000,Check out this video on YouTube:ï»¿,1
z12iix3puuj5wxufw23fzrnybxqdy3v4s04,Josh Snow,2015-04-25T00:37:34.423000,Check out this video on YouTube:ï»¿,1
z12gf55w4pr0ibswj04cfzyb4my1zbnjsps0k,Andrea Incollingo,2015-04-21T14:52:10.879000,Check out this video on YouTube:ï»¿,1
z13phzg4gtbxtdo1o225ivwglz2wyf3vm,Sadie Pratt,2015-04-19T20:48:32.564000,Check out this video on YouTube:fb iï»¿,1
z12ejj24lzmnwd5ex231czmjbmestruas04,HAGER KOTRY,2015-04-19T08:21:52.071000,ALL SCHOOL DROP OUTS I KNEW AS FRIENDS BEFORE THEY DECIDED TO DROP SCHOOL THINK THERE IS NO NEED FOR AN ID CARD OR A CERTIFICATION TO PROVE YOU ARE AN EDUCATED CLEAN IN CRIMINAL RECORD TALENTED PERSON TO WORK IN ANY ENTERTAINMENT FIELD WORLDWIDE. THEY THINK THEY COULD BE RICH ENTERTAINERS BY CONSOLIDATING WITH ACTORS / ACTRESSES AS WELL AS SINGERS FOR A SHARE OF PROFIT(S).ï»¿,1
z13tfboihurwxtvh404citxyhomhjp5jqbc,jefflynnejp,2015-04-18T22:02:00.446000,Check out this video on YouTube: ï»¿,1
z12edviawnfadzi0q221cl3gutv1utvty,devon smith,2015-04-18T16:15:24.463000,Check out this video on YouTube:ï»¿,1
z12ssnxafveqfp2jj04chjxgxsf5d1pqxio,Trong Tan Trung Tran,2015-04-18T14:27:02.046000,Check out this video on YouTube:ï»¿,1
z12tdhsicp3qubmdx23mehm5ipjnvdoyc04,â€«×”×™×œ×” ×©×•×”×â€¬â€,2015-04-17T15:50:59.010000,Check out this playlist on YouTube:×™<br /><br /><br /><br />â›ºğŸ¤â›ºâ›ºï»¿,1
z12khbui5mqzd1wpg04cczdbnsuyep5bubo,Wendy Artiles,2015-04-16T00:20:37.792000,Check out this video on YouTube:ï»¿,1
z13jgzngmnuhgze0e22ywxrjzqvltz4ay04,Claudia Guerra,2015-04-15T15:37:01.799000,Check out this playlist on YouTube:<br /><br />ï»¿,1
z12hsxrbio20xj1x504cfrsylnzmwlcx4i0,Wayne Jackson,2015-04-15T11:00:09.313000,Check out this video on YouTube:ï»¿,1
z13fux1zyqaeudaor04cfrsylnzmwlcx4i0,Wayne Jackson,2015-04-15T10:59:35.339000,Check out this video on YouTube:ï»¿,1
z13kxv452pm1cjgx104civvjyknfvd1jh5w,Monica Parker,2015-04-14T01:39:41.391000,Check out this video on YouTube:ï»¿,1
z12gctfjtpq4ybcdx23sshorsxrsx3ave,Victor Gamer,2015-04-13T02:00:20.152000,View 851.247.920<br /><br />Â Best youtube Video<br />If Subscribe to My Channel please!<br />Thank you! &lt;3<br /><br />Melhor VÃ­deo do youtube<br />Se Inscreva no Meu canal por favor!<br />Obrigado! &lt;3<br /><br />Mejor Video youtube<br />Si suscriba a mi canal por favor!<br />Gracias! &lt;3<br /><br />Meilleur vidÃ©o youtube<br />Si vous abonner Ã  Ma ChaÃ®ne se il vous plaÃ®t!<br />Merci! &lt;3ï»¿,1
z13ce33rgrihh5vzz04ch3oqllbsh1u4nkg0k,Jahmir Roberts,2015-04-12T17:00:09.472000,We can have a party next shareï»¿,1
z12idnt4plzphv3jx04cd5jxoqjkzfxxsf0,THE AMAZING MOVIE MAKING NAD GAMING TOM BURKE,2015-04-11T20:32:48.515000,Lol check out my chanell and subscribe please i want 5000 subs thats it im nearly their nowï»¿,1
z120g3vajzzyvndvs23xdzh41ufmy3lvj,Kiarna Burke,2015-04-11T08:36:04.370000,Check out this video on YouTube:ï»¿,1
z123sbbrgryqhfwgi04cjpbxokbdifsibhw,Kiarna Burke,2015-04-11T08:36:04.034000,Check out this video on YouTube:ï»¿,1
z12gf3oyjry1wjdsq22rtlhgcp2tsfxb204,AryaDewa Gaming,2015-04-10T17:33:31.099000,SUBSCRIBE me. if you do that leave your name so i can subs back ï»¿,1
z13ly1xqgu2isv5vg23cdl5g3tuyu11gy04,Tammy Floyd,2015-04-09T06:07:26.158000,Check out this video on YouTube:ï»¿,1
z12eh5pohzi0fzmab04cdt3qclauvh0j2yg0k,Ognjen Videos,2015-04-08T21:11:31.085000,Please subscribe to my channel!Thanks!ï»¿,1
z12hif0a3nj0vlkxj04cif1wcpuxvf0gpno0k,Hazetrix (EHazardStudio),2015-04-08T00:09:33.033000,hey guys im 17 years old remixer and producer and i want you guys to help me checking my videos i am sure you will love those music if you love them then subscribe so you will know more about me:)ï»¿,1
z12ourggdn2gzzqoz04cgfno3un3ufjr0h0,Metroshuffle,2015-04-06T10:15:16.804000,"Check out Melbourne shuffle, everybody!ï»¿",1
z13pshr4npe2uphcd23ueb35eq3tfv3ta,Reynad Gamer,2015-04-04T06:11:32.255000,Subscribe My Channelï»¿,1
z12nippylqvqshgqb04cdbgywx3kcxhgfug0k,Captain Liverpool,2015-03-31T13:56:40.139000,please suscribe i am bored of 5 subscribers try to get it to 20!ï»¿,1
z13ajr3ainzmg1lnd23gwt2phxmcsfbbu04,Dloga2,2015-03-31T03:01:14.438000,Subscribe if you are watching in 2015ï»¿,1
z132t3fhixrdghdhu04ciz2i4ovhezcgnrc0k,Law Halkett,2015-03-29T07:12:48.792000,Check out this video on YouTube:      <br />ï»¿,1
z124cfkz5v34vrp4y04cerpiwpmxthywlhw,VidÃ©oRiveaux,2015-03-28T14:03:55.093000,Hey ! SubscribeÂ  to meÂ for the peace in the world ! â™¥ï»¿,1
z13hwtvwqqqutf3wy04ci3abiyequ5iydgc,Maria Maldonado,2015-03-26T19:09:38.242000,Check out this playlist on YouTube:aï»¿,1
z12istbx2lzbszmom04cfbgixnbrsbgai0s,Candyman 1000,2015-03-23T23:38:12.539000,Check out this video on YouTube:ï»¿,1
z12nglcrcmv3u5ijj04cjbup0tatvhozsu00k,lacy mclean,2015-03-23T01:01:36.343000,Check out this playlist on YouTube:ï»¿,1
z13icxbwzk35jzx5t04cezey0rnptrsxzdg,CHM Guitarâ„¢,2015-03-22T15:10:43.815000,Like this comment for no reasonï»¿,1
z125zdpzksrzyt10m232x1cpcobdjduoo04,Pj Jessie,2015-03-22T01:04:09.486000,Omg can this be the first video on YouTube to hit 1 billion views like this comment of you agree.ï»¿,1
z13eglu51lmgxbhj304cfh2ifo3phfqwa3k,Maximus Decimus Meridius,2015-03-21T19:57:26.765000, <br />Please help me get 100 subscribers by the end of the night. Thxï»¿,1
z134tnezjunhvxqq504cfpcr2qajwj0gbo40k,ì¡°ìœ¤ê¸°,2015-03-21T18:25:05.665000,like this comment if you&#39;re watching this video when big bang happened<br />i doï»¿,1
z135txtbpqrgsn0hn04ch115apamjrurr2k,Champagne Pedro,2015-03-21T14:18:39.798000,Check out this playlist on YouTube:<br /><br />ï»¿,1
z13vc3dz5ofug1ozy04cddlzptumwhyodhs,Carren Mangali,2015-03-21T07:01:04.171000,Check out this playlist on YouTube:ğŸ´ğŸ´ğŸ„ğŸ„ğŸ„ğŸ´ğŸ„ğŸ„ğŸ„ğŸ„ğŸŠğŸŠğŸŠğŸŠğŸ´ğŸ´ğŸ´ğŸ´ğŸ´ğŸ‚ğŸ‚ğŸ‚ğŸ‚ğŸ‚ğŸ†ğŸ¸ğŸ¸ğŸ¸ğŸ¸ğŸ†ğŸ»ğŸ—ğŸµğŸŸğŸŸğŸŸğŸŸğŸ´ğŸ•ğŸ•ğŸ•ğŸ•ğŸ•ğŸ•ğŸ•ğŸ•ğŸ•ğŸ•ğŸ•ğŸ•â˜•ï¸ğŸ£ğŸ£â˜•ï¸ğŸ•ğŸ•ğŸ£ğŸ£ğŸ£ğŸ£ğŸ£ğŸ£ğŸ£ğŸ£ğŸ£ğŸ£â˜•ï¸ğŸ£ğŸ•ğŸ”ğŸ”ğŸ£ğŸ£â˜•ï¸ğŸ£ğŸ¹ğŸ¹ğŸ‚ğŸ‚ğŸ¹ğŸ¿ğŸ†ï»¿,1
z13ecbgzonmri3yjj04cj14ooragi1ij450,Kingphillip9,2015-03-20T22:24:23.394000,â–‘â–‘â–‘â–‘â–‘â–‘â–‘/\â–‘â–‘â–‘â–‘â–‘â–„â–<br />â–‘â–‘â–‘â–‘â–‘â–‘/ Â  Â  \â–‘â–‘â–‘â–„â–ˆâ–ˆâ–„<br />â–‘â–‘â–‘â–‘â–‘/ Â (o) Â  \â–‘â–‘â–‘â–‘â–‘â–€â–ˆâ–„<br />â–‘â–‘â–‘â–‘/ Â  Â  Â  Â  Â  Â  \â–‘â–‘â–‘â–‘â–‘â–‘â–€â–ˆâ–„<br />â–‘â–‘â–‘/__ Â  \ Â  â–‘â–„â–„â–„â–„â–„â–€â–€<br />â–‘â–‘â–‘â–‘â–„â–„â–„â–ˆâ–ˆâ–€â–€â–€â–€<br />â–‘â–‘â–‘â–ˆâ–€â–„â–„â–„â–ˆâ–‘â–€â–€ Â  Â  Â  YOU HAVE BEEN SPOOKED BY THE SPOOKINATI<br />â–‘â–‘â–‘â–Œâ–‘â–„â–„â–„â–â–Œâ–€â–€â–€<br />â–„â–‘â–â–‘â–‘â–‘â–„â–„â–‘â–ˆâ–‘â–€â–€ Â  Â SHARE THIS TO 666 PEOPLE TO BE UNSPOOKEDÂ <br />â–€â–ˆâ–Œâ–‘â–‘â–‘â–„â–‘â–€â–ˆâ–€â–‘â–€Â <br />â–‘â–‘â–‘â–‘â–‘â–‘â–‘â–„â–„â–â–Œâ–„â–„<br />â–‘â–‘â–‘â–‘â–‘â–‘â–‘â–€â–ˆâ–ˆâ–ˆâ–€â–ˆâ–‘â–„<br />â–‘â–‘â–‘â–‘â–‘â–‘â–â–Œâ–€â–„â–€â–„â–€â–â–„<br />â–‘â–‘â–‘â–‘â–‘â–‘â–â–€â–‘â–‘â–‘â–‘â–‘â–‘â–â–Œ<br />â–‘â–‘â–‘â–‘â–‘â–‘â–ˆâ–‘â–‘â–‘â–‘â–‘â–‘â–‘â–‘â–ˆ<br />â–‘â–‘â–‘â–‘â–‘â–â–Œâ–‘â–‘â–‘â–‘â–‘â–‘â–‘â–‘â–‘â–ˆ<br />â–‘â–‘â–‘â–‘â–‘â–ˆâ–‘â–‘â–‘â–‘â–‘â–‘â–‘â–‘â–‘â–‘â–â–Œï»¿,1
z12cfli4lrqld3nde22lujqpgtephxu5a04,Courtney Foama,2015-03-20T21:33:44.707000,like this comment if your watching in 2015 or 2016ï»¿,1
z13dxnsrvvfiu5ipf04cfxpowt3swh2oi34,Emily Horposniac,2015-03-19T10:33:00.987000,Help me get 10000000 subscribers by tomorrow!<br /><br /><br /><br /><br /><br /><br /><br /><br /><br /><br />(Joking don&#39;t get butt hurt)  ï»¿,1
z12kz3koilrlvlkkb23kfvypoofnejk1t,Dylan McGuire,2015-03-19T00:45:07.797000,Check out this video on YouTube:ï»¿,1
z12ggrma3oj2e5fl022dcrephr3ejhxfw,Alfred zipagan,2015-03-16T01:01:51.652000,like this comment if ur watching this on 2015Â ï»¿,1
z12ofhliokunzd4y504cdxjymr2xyr3azhg,Hamza Hamza,2015-03-15T14:03:27.801000,Check out this video on YouTube:ï»¿,1
z13eulmg4uqsitk4a04cfjxzhpiqj3pycrg0k,Villads HallundbÃ¦k,2015-03-14T16:16:22.607000,like this comment pleaseï»¿,1
z13ef3oyslrmdjka204cdngjlvqpibvglr40k,Pedro Lombillo,2015-03-13T00:27:41.285000,Check out this playlist on YouTube:ï»¿,1
z12jdpyjcompvrtsn224x1wottiqzb0xd04,Serbian Boy,2015-03-11T18:36:40.423000,LIKE AND SUBSCRIBEï»¿,1
z12nexwg5uj0zr2ph04cjbjgskioe1fzsug0k,GrayGRW,2015-03-11T05:26:51.968000,Like this comment if you are watching on a phoneï»¿,1
z124vlmbks2nybpou04cfv4i3vawebsxeic,TA Stealth,2015-03-11T01:25:46.234000,"Cool Video LMFAOVEVO! You should check out my shuffling videos on my channel when you get the chance. It&#39;s much appreciated. Cheers! <a rel=""nofollow"" class=""ot-hashtag"" href=""https://plus.google.com/s/%23EveryDayImVaping"">#EveryDayImVaping</a> ;-)ï»¿",1
z13oc5zxxx2tynzdd23mtn1x2ujzct3kf,Peter Sadek,2015-03-09T18:44:22.184000,Check out this playlist on YouTube:ï»¿,1
z12hvvki4xite3sjl04cfp34wxy0fr0qjgs,latisha garcia,2015-03-09T00:33:08.463000,Check out this playlist on YouTube: I triedï»¿,1
z13si3qrjn3ae1m0s235g5wpgqqmfpgee,JS Scott,2015-03-08T21:27:05.377000,"subscribe to <span class=""proflinkWrapper""><span class=""proflinkPrefix"">+</span><a class=""proflink"" href=""https://plus.google.com/104999962146104962510"" oid=""104999962146104962510"">SuperMarioLogan</a></span>Â  if you thot the robot dudes r epic and awsomeï»¿",1
z132wbtj1qazyhruq235g5wpgqqmfpgee,JS Scott,2015-03-08T21:22:08.901000,"if watching in 2015 subscribe to <span class=""proflinkWrapper""><span class=""proflinkPrefix"">+</span><a class=""proflink"" href=""https://plus.google.com/104999962146104962510"" oid=""104999962146104962510"">SuperMarioLogan</a></span>Â ï»¿",1
z12lxpco5rekcfhem23zgptr3lijs3njg04,Marcus Wilkes,2015-03-05T10:52:51.062000,Check out this playlist on YouTube:ï»¿,1
z13jg1hq5nbadhifc224jptibp2hc511n,JuniorVlogz,2015-03-03T21:02:26.389000,Like this comment if you still jam out to this song after 4 years ï»¿,1
z12jgfripnqmhdq4i04cd144fxzudh5rngw,ĞĞ»ĞµĞ³ Ğ¥Ğ¸Ğ¶Ğ½ÑĞº,2015-03-03T20:32:54.736000,subscribeï»¿,1
z13gdhroxseayvg3d23lglzztnzzylcbp04,Amber Wentworth,2015-03-01T16:53:54.318000,Check out this video on YouTube:ï»¿,1
z132ep1gxunohv3as04cgjsomlfhtnc5pwo0k,Jephone CaÃ±as,2015-03-01T11:29:19.167000,this video has 800+m views<br />and the channel got 3m subscribersï»¿,1
z120i3krmo2bjrai104ceheoqtn0ur0wpuo0k,Aye Thiri Paing,2015-03-01T05:13:01.606000,Check out this video on YouTube:ï»¿,1
z13ajrlbklm5jlxxt04cjx2rktq0y1kxmy40k,santi1525 deadzone,2015-03-01T01:10:37.298000,subscribe to my chanellï»¿,1
z13yy52qimylh3vbe04cjx2rktq0y1kxmy40k,santi1525 deadzone,2015-03-01T01:10:10.980000,los invito a subscribirse a mi canalÂ ï»¿,1
z13pdv1rptqbuxe1123kdzpaozbcgtr1z,Johanna Sarmiento,2015-02-28T22:00:56.179000,Check out this video on YouTube:ï»¿,1
z13ss53p4unscfngi04cjdhornvlz51zfak,allen webb,2015-02-28T21:01:42.150000,Check out this playlist on YouTube:ï»¿,1
z13uvdwgrxetgfm0522tzr44tliyuvcgy04,Kawiana Lewis,2015-02-27T02:20:40.987000,Check out this video on YouTube:opponents mm <br /><br /><br /><br />--â€¢[â€¢â€¢â€¢â€¢=====++Â¥Â¥Â£Â£Â£<br />ï»¿,1
z13wwxhgmr2ocvbks22mdpdwdu3lz3mze04,Jarelys Mellado,2015-02-23T00:37:24.817000,Check out this video on YouTube:<br /><br />ï»¿,1
z134vn15sxiwyfzhv04ch3no3zj2sdsqqw40k,Sid,2015-02-21T06:19:03.549000,"At 500 subscribers i&#39;m sky diving help me reach my goal &lt;3<br />Trust me, i&#39;m a doctor. Â :)ï»¿",1
z12wsvobapnaetddg23ge12bkmrcy3bnf,Hamad Alhashash,2015-02-21T06:12:04.347000,Check out this video on YouTube:ï»¿,1
z122vlk54r21gd3mr224yvqbouiejbqen,Pablo Cantellano,2015-02-20T16:23:25.378000,Check out this video on YouTube:ï»¿,1
z12syxex2mmuzbubp04chlrhcvrnsvx4urw0k,Lotoya Bolan,2015-02-20T01:54:39.930000,Check out this video on YouTube:ï»¿,1
z13kersqlnzmxnhqo04chlrhcvrnsvx4urw0k,Lotoya Bolan,2015-02-20T01:53:33.412000,Check out this playlist on YouTube:ï»¿,1